{
  "project_info": {
    "project_number": "755788442081",
    "project_id": "login-register-firebase-364eb",
    "storage_bucket": "login-register-firebase-364eb.appspot.com"
  },
  "client": [
    {
      "client_info": {
        "mobilesdk_app_id": "1:755788442081:android:862974fc16cee8ff9c4aa0",
        "android_client_info": {
          "package_name": "com.example.login_register_firebase"
        }
      },
      "oauth_client": [
        {
          "client_id": "755788442081-aqa3ra1218f1k6606na8jfop1abn7n05.apps.googleusercontent.com",
          "client_type": 3
        }
      ],
      "api_key": [
        {
          "current_key": "AIzaSyBIX57l9qkDSzEeGtCYcfjcsIT6ELypksE"
        }
      ],
      "services": {
        "appinvite_service": {
          "other_platform_oauth_client": [
            {
              "client_id": "755788442081-aqa3ra1218f1k6606na8jfop1abn7n05.apps.googleusercontent.com",
              "client_type": 3
            }
          ]
        }
      }
    }
  ],
  "configuration_version": "1"
}